-- phpMyAdmin SQL Dump
-- version 4.8.3
-- https://www.phpmyadmin.net/
--
-- Host: 127.0.0.1
-- Generation Time: Jun 15, 2022 at 02:04 PM
-- Server version: 10.1.36-MariaDB
-- PHP Version: 7.2.10

SET SQL_MODE = "NO_AUTO_VALUE_ON_ZERO";
SET AUTOCOMMIT = 0;
START TRANSACTION;
SET time_zone = "+00:00";


/*!40101 SET @OLD_CHARACTER_SET_CLIENT=@@CHARACTER_SET_CLIENT */;
/*!40101 SET @OLD_CHARACTER_SET_RESULTS=@@CHARACTER_SET_RESULTS */;
/*!40101 SET @OLD_COLLATION_CONNECTION=@@COLLATION_CONNECTION */;
/*!40101 SET NAMES utf8mb4 */;

--
-- Database: `onlinefoodorder`
--

-- --------------------------------------------------------

--
-- Table structure for table `tbl_admin`
--

CREATE TABLE `tbl_admin` (
  `id` int(10) UNSIGNED NOT NULL,
  `full_name` varchar(100) NOT NULL,
  `username` varchar(100) NOT NULL,
  `password` varchar(255) NOT NULL
) ENGINE=InnoDB DEFAULT CHARSET=utf8;

--
-- Dumping data for table `tbl_admin`
--

INSERT INTO `tbl_admin` (`id`, `full_name`, `username`, `password`) VALUES
(12, 'Administrator', 'admin', '21232f297a57a5a743894a0e4a801fc3'),
(13, 'admin2', 'admin2', '827ccb0eea8a706c4c34a16891f84e7b');

-- --------------------------------------------------------

--
-- Table structure for table `tbl_category`
--

CREATE TABLE `tbl_category` (
  `id` int(10) UNSIGNED NOT NULL,
  `title` varchar(100) NOT NULL,
  `image_name` varchar(255) NOT NULL,
  `featured` varchar(10) NOT NULL,
  `active` varchar(10) NOT NULL
) ENGINE=InnoDB DEFAULT CHARSET=utf8;

--
-- Dumping data for table `tbl_category`
--

INSERT INTO `tbl_category` (`id`, `title`, `image_name`, `featured`, `active`) VALUES
(4, 'Pizza', 'Food_Category_790.jpg', 'Yes', 'Yes'),
(5, 'Burger', 'Food_Category_344.jpg', 'Yes', 'Yes'),
(9, 'Wraps', 'Food_Category_374.jpg', 'Yes', 'Yes'),
(10, 'Pasta', 'Food_Category_948.jpg', 'Yes', 'Yes'),
(11, 'Sandwich', 'Food_Category_536.jpg', 'Yes', 'Yes');

-- --------------------------------------------------------

--
-- Table structure for table `tbl_food`
--

CREATE TABLE `tbl_food` (
  `id` int(10) UNSIGNED NOT NULL,
  `title` varchar(100) NOT NULL,
  `description` text NOT NULL,
  `price` decimal(10,2) NOT NULL,
  `image_name` varchar(255) NOT NULL,
  `category_id` int(10) UNSIGNED NOT NULL,
  `featured` varchar(10) NOT NULL,
  `active` varchar(10) NOT NULL
) ENGINE=InnoDB DEFAULT CHARSET=utf8;

--
-- Dumping data for table `tbl_food`
--

INSERT INTO `tbl_food` (`id`, `title`, `description`, `price`, `image_name`, `category_id`, `featured`, `active`) VALUES
(4, 'Ham Burger', 'Burger with Ham, Pineapple and lots of Cheese.', '4.00', 'Food-Name-6340.jpg', 5, 'Yes', 'Yes'),
(5, 'Smoky BBQ Pizza', 'Best Firewood Pizza in Town. Assembled by creating a cheese filling', '9.00', 'Food-Name-8298.jpg', 4, 'No', 'Yes'),
(9, 'Chicken Wrap', 'Crispy flour tortilla loaded with juicy chicken, bacon, lettuce, avocado and cheese drizzled with a delicious spicy Ranch dressing.', '5.00', 'Food-Name-3461.jpg', 9, 'Yes', 'Yes'),
(10, 'Cheeseburger', 'A cheeseburger is a hamburger topped with cheese. Traditionally, the slice of cheese is placed on top of the meat patty.', '4.00', 'Food-Name-433.jpeg', 5, 'Yes', 'Yes'),
(11, 'Grilled Cheese Sandwich', 'Assembled by creating a cheese filling, often cheddar or American between two slices of bread and is then heated until the bread browns and cheese melts.', '3.00', 'Food-Name-3631.jpg', 11, 'Yes', 'Yes'),
(12, 'Smokey Burger', 'this is a smokey vanne wala burger. DONOT EAT.', '234.00', 'Food-Name-2125.jpg', 5, 'No', 'Yes');

-- --------------------------------------------------------

--
-- Table structure for table `tbl_order`
--

CREATE TABLE `tbl_order` (
  `id` int(10) UNSIGNED NOT NULL,
  `food` varchar(150) NOT NULL,
  `price` decimal(10,2) NOT NULL,
  `qty` int(11) NOT NULL,
  `total` decimal(10,2) NOT NULL,
  `order_date` datetime NOT NULL,
  `status` varchar(50) NOT NULL,
  `customer_name` varchar(150) NOT NULL,
  `customer_contact` varchar(20) NOT NULL,
  `customer_email` varchar(150) NOT NULL,
  `customer_address` varchar(255) NOT NULL,
  `food_id` int(11) NOT NULL
) ENGINE=InnoDB DEFAULT CHARSET=utf8;

--
-- Dumping data for table `tbl_order`
--

INSERT INTO `tbl_order` (`id`, `food`, `price`, `qty`, `total`, `order_date`, `status`, `customer_name`, `customer_contact`, `customer_email`, `customer_address`, `food_id`) VALUES
(11, 'Ham Burger', '4.00', 1, '4.00', '2022-06-02 11:13:17', 'Delivered', 'Tinesh Prajapati', '123456u', 'theo.tnes14@gmail.com', 'asdfghjm', 4),
(12, 'Smokey Burger', '234.00', 100, '23400.00', '2022-06-02 12:31:07', 'Ordered', 'Prajapati', 'asdfwee234', 'theo.tnes14@gmail.com', 'Nepal', 12),
(13, 'Chicken Wrap', '5.00', 10, '50.00', '2022-06-02 12:32:07', 'Ordered', 'P', '2', 'admin@gmail.com', 'sdfasfda', 9),
(14, 'Smokey Burger', '234.00', 1, '234.00', '2022-06-02 12:35:02', 'Ordered', 'sagar', '1', 'test@user.com', 's', 12),
(15, 'Ham Burger', '4.00', 9, '36.00', '2022-06-02 01:23:04', 'Ordered', 'saz', '12345678', 'theo.tnes14@gmail.com', 'asdfghjk', 4),
(16, 'Ham Burger', '4.00', 1, '4.00', '2022-06-10 11:12:26', 'Ordered', 'scott', '9876543210', 'example@gmail.com', 'kathmandu', 4),
(17, 'Cheeseburger', '4.00', 1, '4.00', '2022-06-11 09:41:30', 'Ordered', 'tinesh', '9876443210', 'tinesh@gmail.com', 'khathmandu', 10),
(18, 'Cheeseburger', '4.00', 1, '4.00', '2022-06-11 09:42:21', 'Ordered', 'hari', '978654', 'example@gmail.com', 'asdf', 10),
(19, 'Cheeseburger', '4.00', 1, '4.00', '2022-06-11 09:43:01', 'Ordered', 'ram', '987654310', 'asd@gmail.com', 'ars', 10),
(20, 'Smoky BBQ Pizza', '9.00', 1, '9.00', '2022-06-15 12:26:17', 'Ordered', 'AD', '9876543210', 'ASDF@GMAIL.COM', 'kathmandu', 5);

--
-- Indexes for dumped tables
--

--
-- Indexes for table `tbl_admin`
--
ALTER TABLE `tbl_admin`
  ADD PRIMARY KEY (`id`);

--
-- Indexes for table `tbl_category`
--
ALTER TABLE `tbl_category`
  ADD PRIMARY KEY (`id`);

--
-- Indexes for table `tbl_food`
--
ALTER TABLE `tbl_food`
  ADD PRIMARY KEY (`id`);

--
-- Indexes for table `tbl_order`
--
ALTER TABLE `tbl_order`
  ADD PRIMARY KEY (`id`);

--
-- AUTO_INCREMENT for dumped tables
--

--
-- AUTO_INCREMENT for table `tbl_admin`
--
ALTER TABLE `tbl_admin`
  MODIFY `id` int(10) UNSIGNED NOT NULL AUTO_INCREMENT, AUTO_INCREMENT=14;

--
-- AUTO_INCREMENT for table `tbl_category`
--
ALTER TABLE `tbl_category`
  MODIFY `id` int(10) UNSIGNED NOT NULL AUTO_INCREMENT, AUTO_INCREMENT=12;

--
-- AUTO_INCREMENT for table `tbl_food`
--
ALTER TABLE `tbl_food`
  MODIFY `id` int(10) UNSIGNED NOT NULL AUTO_INCREMENT, AUTO_INCREMENT=13;

--
-- AUTO_INCREMENT for table `tbl_order`
--
ALTER TABLE `tbl_order`
  MODIFY `id` int(10) UNSIGNED NOT NULL AUTO_INCREMENT, AUTO_INCREMENT=21;
COMMIT;

/*!40101 SET CHARACTER_SET_CLIENT=@OLD_CHARACTER_SET_CLIENT */;
/*!40101 SET CHARACTER_SET_RESULTS=@OLD_CHARACTER_SET_RESULTS */;
/*!40101 SET COLLATION_CONNECTION=@OLD_COLLATION_CONNECTION */;
